paper_id,model_id,apa_citation,authors,title,year,source_title,source_type_journal,source_type_conference,source_type_preprint,first_author_country_affiliation,doi
1,1,"Zangróniz, R., Martínez-Rodrigo, A., Pastor, J. M., López, M. T., & Fernández-Caballero, A. (2017). Electrodermal Activity Sensor for Classification of Calm/Distress Condition. Sensors (Basel, Switzerland), 17(10), E2324. https://doi.org/10.3390/s17102324
","Roberto Zangróniz, Arturo Martínez-Rodrigo, José Manuel Pastor, María T. López and Antonio Fernández-Caballero",Electrodermal Activity Sensor for Classification of Calm/Distress Condition,2017,Sensors,x,-,,Spain,
2,1,"Liu, M., Fan, D., Zhang, X., & Gong, X. (2017). Human Emotion Recognition Based on Galvanic Skin Response Signal Feature Selection and SVM. 157–160. Scopus. https://doi.org/10.1109/ICSCSE.2016.0051
","Mingyang Liu, Di Fan, Xiaohan Zhang, Xiaopeng Gong",Human Emotion Recognition Based on Galvanic Skin Response Signal Feature Selection and SVM,2016,2016 International Conference on Smart City and Systems Engineering,-,x,,China,
3,1,"Ayata, D., Yaslan, Y., & Kamasak, M. E. (2018). Emotion Based Music Recommendation System Using Wearable Physiological Sensors. IEEE Transactions on Consumer Electronics, 64(2), 196–203. Scopus. https://doi.org/10.1109/TCE.2018.2844736
","Ayata, D., Yaslan, Y., & Kamasak, M. E.
",Emotion Based Music Recommendation System Using Wearable Physiological Sensors,2018,IEEE Transactions on Consumer Electronics,x,-,,Turkey,
4,1,"Ali, M., Machot, F. A., Mosa, A. H., Jdeed, M., Machot, E. A., & Kyamakya, K. (2018). A Globally Generalized Emotion Recognition System Involving Different Physiological Signals. Sensors (Basel, Switzerland), 18(6), E1905. https://doi.org/10.3390/s18061905","Ali, M., Machot, F. A., Mosa, A. H., Jdeed, M., Machot, E. A., & Kyamakya, K.",A Globally Generalized Emotion Recognition System Involving Different Physiological Signals,2018,Sensors,x,-,,Austria,
5,1,"Wei, J., Chen, T., Liu, G., & Yang, J. (2016). Higher-order Multivariable Polynomial Regression to Estimate Human Affective States. Scientific Reports, 6, 23384. https://doi.org/10.1038/srep23384","Wei, J., Chen, T., Liu, G., & Yang, J.",Higher-order Multivariable Polynomial Regression to Estimate Human Affective States.,2016,Scientific Reports,x,-,,China,
6,1,"Feng, H., Golshan, H. M., & Mahoor, M. H. (2018). A wavelet-based approach to emotion classification using EDA signals. Expert Systems with Applications, 112, 77–86. Scopus. https://doi.org/10.1016/j.eswa.2018.06.014","Feng, H., Golshan, H. M., & Mahoor, M. H.",A wavelet-based approach to emotion classification using EDA signals.,2018,Expert Systems with Applications,x,-,,USA,
7,1,"Schmidt, P., Reiss, A., Duerichen, R., & Van Laerhoven, K. (2018). Introducing WeSAD, a multimodal dataset for wearable stress and affect detection. 400–408. Scopus. https://doi.org/10.1145/3242969.3242985","Schmidt, P., Reiss, A., Duerichen, R., & Van Laerhoven, K","Introducing WeSAD, a multimodal dataset for wearable stress and affect detection",2018,ICMI 2018 - Proceedings of the 2018 International Conference on Multimodal Interaction,-,x,,Germany,
8,1,"Dobbins, C., Fairclough, S., Lisboa, P., & Navarro, F. F. G. (2018). A Lifelogging Platform Towards Detecting Negative Emotions in Everyday Life using Wearable Devices. 306–311. Scopus. https://doi.org/10.1109/PERCOMW.2018.8480180","Dobbins, C., Fairclough, S., Lisboa, P., & Navarro, F. F. G.",A Lifelogging Platform Towards Detecting Negative Emotions in Everyday Life using Wearable Devices.,2018,"2018 IEEE International Conference on Pervasive Computing and Communications Workshops, PerCom Workshops 2018",-,x,,UK,
9,1,"Amalan, S., Shyam, A., Anusha, A. S., Preejith, S. P., Tony, A., Jayaraj, J., & Mohanasankar, S. (2018). Electrodermal Activity based Classification of Induced Stress in a Controlled Setting. MeMeA 2018 - 2018 IEEE International Symposium on Medical Measurements and Applications, Proceedings. Scopus. https://doi.org/10.1109/MeMeA.2018.8438703","Amalan, S., Shyam, A., Anusha, A. S., Preejith, S. P., Tony, A., Jayaraj, J., & Mohanasankar, S.",Electrodermal Activity based Classification of Induced Stress in a Controlled Setting.,2018,"MeMeA 2018 - 2018 IEEE International Symposium on Medical Measurements and Applications, Proceedings",-,x,,India,
10,1,"Machot, F. A., Ali, M., Ranasinghe, S., Mosa, A. H., & Kyandoghere, K. (2018). Improving subject-independent human emotion recognition using electrodermal activity sensors for active and assisted living. 222–228. Scopus. https://doi.org/10.1145/3197768.3201523","Machot, F. A., Ali, M., Ranasinghe, S., Mosa, A. H., & Kyandoghere, K",Improving subject-independent human emotion recognition using electrodermal activity sensors for active and assisted living.,2018,ACM International Conference Proceeding Series,-,x,,Austria,
11,1,"Girardi, D., Lanubile, F., & Novielli, N. (2018). Emotion detection using noninvasive low cost sensors. 2018-January, 125–130. Scopus. https://doi.org/10.1109/ACII.2017.8273589","Girardi, D., Lanubile, F., & Novielli, N.",Emotion detection using noninvasive low cost sensors.,2018,"2017 7th International Conference on Affective Computing and Intelligent Interaction, ACII 2017",-,x,,Italy,
12,1,"Ooi, J. S. K., Ahmad, S. A., Ishak, A. J., Minhad, K. N., Md Ali, S. H., & Chong, Y. Z. (2018). Grove: An auxiliary device for sympathetic assessment via EDA measurement of neutral, stress, and anger emotions during simulated driving conditions. International Journal of Medical Engineering and Informatics, 10(1), 16–29. Scopus. https://doi.org/10.1504/IJMEI.2018.090076","Ooi, J. S. K., Ahmad, S. A., Ishak, A. J., Minhad, K. N., Md Ali, S. H., & Chong, Y. Z.","Grove: An auxiliary device for sympathetic assessment via EDA measurement of neutral, stress, and anger emotions during simulated driving conditions.",2018,International Journal of Medical Engineering and Informatics,x,-,,Malaysia,
13,1,"Setyohadi, D. B., Kusrohmaniah, S., Gunawan, S. B., Pranowo, & Prabuwono, A. S. (2018). Galvanic skin response data classification for emotion detection. International Journal of Electrical and Computer Engineering, 8(5), 4004–4014. Scopus. https://doi.org/10.11591/ijece.v8i5.pp4004-4014","Setyohadi, D. B., Kusrohmaniah, S., Gunawan, S. B., Pranowo, & Prabuwono, A. S.",Galvanic skin response data classification for emotion detection.,2018,International Journal of Electrical and Computer Engineering,x,-,,Indonesia,
14,1,"Soleymani, M., & Mortillaro, M. (2018). Behavioral and physiological responses to visual interest and appraisals: Multimodal analysis and automatic recognition. Frontiers in ICT, 5(JUL). Scopus. https://doi.org/10.3389/fict.2018.00017","Soleymani, M., & Mortillaro, M.",Behavioral and physiological responses to visual interest and appraisals: Multimodal analysis and automatic recognition.,2018,Frontiers in ICT,x,-,,Switzerland,
15,1,"Md Ali, S. H., Ibne Reaz, M., Ahmad, S. A., Minhad, K. N., & Ooi, J. S. K. (2017). Low cost wearable sensor for human emotion recognition using skin conductance response. IEICE Transactions on Information and Systems, E100D(12), 3010–3017. Scopus. https://doi.org/10.1587/transinf.2017EDP7067","Md Ali, S. H., Ibne Reaz, M., Ahmad, S. A., Minhad, K. N., & Ooi, J. S. K",Low cost wearable sensor for human emotion recognition using skin conductance response.,2017,IEICE Transactions on Information and Systems,x,-,,Malaysia,
16,1,"Wiem, M. B. H., & Lachiri, Z. (2017). Emotion sensing from physiological signals using three defined areas in arousal-valence model. 219–223. Scopus. https://doi.org/10.1109/CADIAG.2017.8075660","Wiem, M. B. H., & Lachiri, Z.",Emotion sensing from physiological signals using three defined areas in arousal-valence model.,2017,"2017 International Conference on Control, Automation and Diagnosis, ICCAD 2017",-,x,,Tunisia,
17,1,"Goshvarpour, A., Abbasi, A., Goshvarpour, A., & Daneshvar, S. (2017). Discrimination between different emotional states based on the chaotic behavior of galvanic skin responses. Signal, Image and Video Processing, 11(7), 1347–1355. Scopus. https://doi.org/10.1007/s11760-017-1092-9","Goshvarpour, A., Abbasi, A., Goshvarpour, A., & Daneshvar, S.",Discrimination between different emotional states based on the chaotic behavior of galvanic skin responses.,2017,"Signal, Image and Video Processing",x,-,,Iran,
18,1,"Keren, G., Kirschstein, T., Marchi, E., Ringeval, F., & Schuller, B. (2017). End-to-end learning for dimensional emotion recognition from physiological signals. 985–990. Scopus. https://doi.org/10.1109/ICME.2017.8019533","Keren, G., Kirschstein, T., Marchi, E., Ringeval, F., & Schuller, B.",End-to-end learning for dimensional emotion recognition from physiological signals.,2017,Proceedings - IEEE International Conference on Multimedia and Expo,-,x,,Germany,
19,1,"Hernández-García, A., Fernández-Martínez, F., & Díaz-De-maría, F. (2017). Emotion and attention: Predicting electrodermal activity through video visual descriptors. 914–923. Scopus. https://doi.org/10.1145/3106426.3109418","Hernández-García, A., Fernández-Martínez, F., & Díaz-De-maría, F.",Emotion and attention: Predicting electrodermal activity through video visual descriptors.,2017,"Proceedings - 2017 IEEE/WIC/ACM International Conference on Web Intelligence, WI 2017",-,x,,Germany,
20,1,"Wiem, M. B. H., & Lachiri, Z. (2017). Emotion assessing using valence-arousal evaluation based on peripheral physiological signals and support vector machine. 4th International Conference on Control Engineering and Information Technology, CEIT 2016. Scopus. https://doi.org/10.1109/CEIT.2016.7929117",,"Wiem, M. B. H., & Lachiri, Z.",2017,"4th International Conference on Control Engineering and Information Technology, CEIT 2016",-,x,,Tunisia,
21,1,"Xu, Y., Hubener, I., Seipp, A.-K., Ohly, S., & David, K. (2017). From the lab to the real-world: An investigation on the influence of human movement on Emotion Recognition using physiological signals. 345–350. Scopus. https://doi.org/10.1109/PERCOMW.2017.7917586","Xu, Y., Hubener, I., Seipp, A.-K., Ohly, S., & David, K.",From the lab to the real-world: An investigation on the influence of human movement on Emotion Recognition using physiological signals.,2017,"2017 IEEE International Conference on Pervasive Computing and Communications Workshops, PerCom Workshops 2017",-,x,,Germany,
22,1,"Nisa’Minhad, K., Ali, S. H. M., Khai, J. O. S., & Ahmad, S. A. (2017). Human emotion classifications for automotive driver using skin conductance response signal. 371–375. Scopus. https://doi.org/10.1109/ICAEES.2016.7888072","Nisa’Minhad, K., Ali, S. H. M., Khai, J. O. S., & Ahmad, S. A.",Human emotion classifications for automotive driver using skin conductance response signal.,2017,"2016 International Conference on Advances in Electrical, Electronic and Systems Engineering, ICAEES 2016",-,x,,Malaysia,
23,1,"Ayata, D., Yaslan, Y., & Kamasak, M. (2017). Emotion recognition via random forest and galvanic skin response: Comparison of time based feature sets, window sizes and wavelet approaches. 2016 Medical Technologies National Conference, TIPTEKNO 2016. Scopus. https://doi.org/10.1109/TIPTEKNO.2016.7863130","Ayata, D., Yaslan, Y., & Kamasak, M.","Emotion recognition via random forest and galvanic skin response: Comparison of time based feature sets, window sizes and wavelet approaches.",2017,"2016 Medical Technologies National Conference, TIPTEKNO 2016",-,x,,Turkey,
24,1,"Greco, A., Valenza, G., Citi, L., & Scilingo, E. P. (2017). Arousal and valence recognition of affective sounds based on electrodermal activity. IEEE Sensors Journal, 17(3), 716–725. Scopus. https://doi.org/10.1109/JSEN.2016.2623677","Greco, A., Valenza, G., Citi, L., & Scilingo, E. P.",Arousal and valence recognition of affective sounds based on electrodermal activity.,2017,IEEE Sensors Journal,x,-,,Italy,
25,1,"Minhad, K. N., Ali, S. H. M. D., & Reaz, M. B. I. (2017). A design framework for human emotion recognition using electrocardiogram and skin conductance response signals. Journal of Engineering Science and Technology, 12(11), 3102–3119. Scopus.","Minhad, K. N., Ali, S. H. M. D., & Reaz, M. B. I.",A design framework for human emotion recognition using electrocardiogram and skin conductance response signals.,2017,Journal of Engineering Science and Technology,x,-,,Malaysia,
26,1,"Zhang, Q., Lai, X., & Liu, G. (2016). Emotion recognition of GSR based on an improved quantum neural network. 1, 488–492. Scopus. https://doi.org/10.1109/IHMSC.2016.66","Zhang, Q., Lai, X., & Liu, G.",Emotion recognition of GSR based on an improved quantum neural network.,2016,"Proceedings - 2016 8th International Conference on Intelligent Human-Machine Systems and Cybernetics, IHMSC 2016",-,x,,China,
27,1,"Goshvarpour, A., Abbasi, A., Goshvarpour, A., & Daneshvar, S. (2016). A novel signal-based fusion approach for accurate music emotion recognition. Biomedical Engineering - Applications, Basis and Communications, 28(6). Scopus. https://doi.org/10.4015/S101623721650040X","Goshvarpour, A., Abbasi, A., Goshvarpour, A., & Daneshvar, S.",A novel signal-based fusion approach for accurate music emotion recognition.,2016,"Biomedical Engineering - Applications, Basis and Communications",x,-,,Iran,
28,1,"Das, P., Khasnobish, A., & Tibarewala, D. N. (2016). Emotion recognition employing ECG and GSR signals as markers of ANS. 37–42. Scopus. https://doi.org/10.1109/CASP.2016.7746134","Das, P., Khasnobish, A., & Tibarewala, D. N.",Emotion recognition employing ECG and GSR signals as markers of ANS.,2016,"Conference on Advances in Signal Processing, CASP 2016",-,x,,India,
29,1,"Gupta, R., Abadi, M. K., Cabré, J. A. C., Morreale, F., Falk, T. H., & Sebe, N. (2016). A quality adaptive multimodal affect recognition system for user-centric multimedia indexing. 317–320. Scopus. https://doi.org/10.1145/2911996.2912059","Gupta, R., Abadi, M. K., Cabré, J. A. C., Morreale, F., Falk, T. H., & Sebe, N.",A quality adaptive multimodal affect recognition system for user-centric multimedia indexing.,2016,ICMR 2016 - Proceedings of the 2016 ACM International Conference on Multimedia Retrieval,-,x,,Canada,
30,1,"Ooi, J. S. K., Ahmad, S. A., Chong, Y. Z., Ali, S. H. M., Ai, G., & Wagatsuma, H. (2016). Driver emotion recognition framework based on electrodermal activity measurements during simulated driving conditions. 365–369. Scopus. https://doi.org/10.1109/IECBES.2016.7843475",,"Ooi, J. S. K., Ahmad, S. A., Chong, Y. Z., Ali, S. H. M., Ai, G., & Wagatsuma, H.",2016,IECBES 2016 - IEEE-EMBS Conference on Biomedical Engineering and Sciences,-,x,,Malaysia,
31,1,"Goshvarpour, A., Abbasi, A., Goshvarpour, A., & Daneshvar, S. (2016). Fusion framework for emotional electrocardiogram and galvanic skin response recognition: Applying wavelet transform. Iranian Journal of Medical Physics, 13(3), 163–173. Scopus. https://doi.org/10.22038/ijmp.2016.7960","Goshvarpour, A., Abbasi, A., Goshvarpour, A., & Daneshvar, S.",Fusion framework for emotional electrocardiogram and galvanic skin response recognition: Applying wavelet transform.,2016,Iranian Journal of Medical Physics,x,-,,Iran,
32,1,"Siddharth,  null, Jung, T.-P., & Sejnowski, T. J. (2018). Multi-modal Approach for Affective Computing. Annual International Conference of the IEEE Engineering in Medicine and Biology Society. IEEE Engineering in Medicine and Biology Society. Annual International Conference, 2018, 291–294. https://doi.org/10.1109/EMBC.2018.8512320","Siddharth, null, Jung, T.-P., & Sejnowski, T. J.",Multi-modal Approach for Affective Computing.,2018,Annual International Conference of the IEEE Engineering in Medicine and Biology Society. IEEE Engineering in Medicine and Biology Society. Annual International Conference,-,x,,USA,
33,1,"Goshvarpour, A., Abbasi, A., & Goshvarpour, A. (2017). An accurate emotion recognition system using ECG and GSR signals and matching pursuit method. Biomedical Journal, 40(6), 355–368. https://doi.org/10.1016/j.bj.2017.11.001","Goshvarpour, A., Abbasi, A., & Goshvarpour, A.",An accurate emotion recognition system using ECG and GSR signals and matching pursuit method.,2017,Biomedical Journal,x,-,,Macedonian,
34,1,"Dumitriu, T., Cimpanu, C., Ungureanu, F., & Manta, V.-I. (2018). Experimental analysis of emotion classification techniques. 63–70. Scopus. https://doi.org/10.1109/ICCP.2018.8516647","Dumitriu, T., Cimpanu, C., Ungureanu, F., & Manta, V.-I.",Experimental analysis of emotion classification techniques.,2018,"Proceedings - 2018 IEEE 14th International Conference on Intelligent Computer Communication and Processing, ICCP 2018",-,x,,Romania,
35,1,"Ferdinando, H., & Alasaarela, E. (2018). Emotion recognition using cvxEDA-based features. Journal of Telecommunication, Electronic and Computer Engineering, 10(2–3), 19–23. Scopus.","Ferdinando, H., & Alasaarela, E.",Emotion recognition using cvxEDA-based features.,2018,"Journal of Telecommunication, Electronic and Computer Engineering",x,-,,Finland,
36,1,"Zhang, S., Liu, G., & Lai, X. (2015). Classification of evoked emotions using an artificial neural network based on single, short-term physiological signals. Journal of Advanced Computational Intelligence and Intelligent Informatics, 19(1), 118-126.","Zhang, S., Liu, G., & Lai, X. ","Classification of evoked emotions using an artificial neural network based on single, short-term physiological signals.",2015,Journal of Advanced Computational Intelligence and Intelligent Informatics,x,-,,China,
37,1,"Gjoreski, M., Luštrek, M., Gams, M., & Mitrevski, B. (2018). An inter-domain study for arousal recognition from physiological signals. Informatica (Slovenia), 42(1), 61–68. Scopus.","Gjoreski, M., Luštrek, M., Gams, M., & Mitrevski, B.",An inter-domain study for arousal recognition from physiological signals.,2018,Informatica (Slovenia),x,-,,Slovenia,
38,1,"Ayata, D., Yaslan, Y., & Kamasak, M. (2017). Emotion recognition via galvanic skin response: Comparison of machine learning algorithms and feature extraction methods. Istanbul University - Journal of Electrical and Electronics Engineering, 17, 3129–3136. Scopus.","Ayata, D., Yaslan, Y., & Kamasak, M.",Emotion recognition via galvanic skin response: Comparison of machine learning algorithms and feature extraction methods.,2017,Istanbul University - Journal of Electrical and Electronics Engineering,x,-,,Turkey,
39,1,"Martínez-Rodrigo, A., Zangróniz, R., Pastor, J. M., & Sokolova, M. V. (2017). Arousal level classification of the aging adult from electro-dermal activity: From hardware development to software architecture. Pervasive and Mobile Computing, 34, 46–59. Scopus. https://doi.org/10.1016/j.pmcj.2016.04.006","Martínez-Rodrigo, A., Zangróniz, R., Pastor, J. M., & Sokolova, M. V.",Arousal level classification of the aging adult from electro-dermal activity: From hardware development to software architecture.,2017,Pervasive and Mobile Computing,x,-,,Spain,
40,1,"Milchevski, A., Rozza, A., & Taskovski, D. (2015). Multimodal affective analysis combining regularized linear regression and boosted regression trees. 33–39. Scopus. https://doi.org/10.1145/2808196.2811636","Milchevski, A., Rozza, A., & Taskovski, D.",Multimodal affective analysis combining regularized linear regression and boosted regression trees.,2015,"AVEC 2015 - Proceedings of the 5th International Workshop on Audio/Visual Emotion Challenge, co-Located with MM 2015",-,x,,Macedonian,
41,1,"Ringeval, F., Eyben, F., Kroupi, E., Yuce, A., Thiran, J.-P., Ebrahimi, T., Lalanne, D., & Schuller, B. (2015). Prediction of asynchronous dimensional emotion ratings from audiovisual and physiological data. Pattern Recognition Letters, 66, 22–30. Scopus. https://doi.org/10.1016/j.patrec.2014.11.007","Ringeval, F., Eyben, F., Kroupi, E., Yuce, A., Thiran, J.-P., Ebrahimi, T., Lalanne, D., & Schuller, B.",Prediction of asynchronous dimensional emotion ratings from audiovisual and physiological data.,2015,Pattern Recognition Letters,x,-,,Germany,
42,1,"Kostoulas, T., Chanel, G., Muszynski, M., Lombardo, P., & Pun, T. (2017). Films, affective computing and aesthetic experience: Identifying emotional and aesthetic highlights from multimodal signals in a social setting. Frontiers in ICT, 4(JUN). Scopus. https://doi.org/10.3389/fict.2017.00011","Kostoulas, T., Chanel, G., Muszynski, M., Lombardo, P., & Pun, T.","Films, affective computing and aesthetic experience: Identifying emotional and aesthetic highlights from multimodal signals in a social setting.",2017,Frontiers in ICT,x,-,,Switzerland,
43,1,"Barral, O., Kosunen, I., & Jacucci, G. (2017). No need to laugh out loud: Predicting humor appraisal of comic strips based on physiological signals in a realistic environment. ACM Transactions on Computer-Human Interaction, 24(6). Scopus. https://doi.org/10.1145/3157730","Barral, O., Kosunen, I., & Jacucci, G.",No need to laugh out loud: Predicting humor appraisal of comic strips based on physiological signals in a realistic environment.,2017,ACM Transactions on Computer-Human Interaction,x,-,,Finland,
44,1,"Lanatà, A., Valenza, G., & Scilingo, E. P. (2012). A novel EDA glove based on textile-integrated electrodes for affective computing. Medical & Biological Engineering & Computing, 50(11), 1163–1172. doi:10.1007/s11517-012-0921-9","Lanatá,A, Valenza,G y Scilingo.E.P",A novel EDA glove based on textile-integrated electrodes for affective computing,2012,International Federation for Medical and Biological Engineering,x,-,,Italy,
45,1,"Ren, P., Barreto, A., Huang, J., Gao, Y., Ortega, F. R., & Adjouadi, M. (2013). Off-line and On-line Stress Detection Through Processing of the Pupil Diameter Signal. Annals of Biomedical Engineering, 42(1), 162–176. doi:10.1007/s10439-013-0880-9 ","Ren, P., Barreto, A., Huang, J., Gao, Y., Ortega, F. R., & Adjouadi, M",Off-line and On-line Stress Detection Through Processing of the Pupil Diameter Signal,2013,Annals of Biomedical Engineering,x,-,,USA,
46,1,"GOUIZI, K., BEREKSI REGUIG, F., & MAAOUI, C. (2011). Emotion recognition from physiological signals. Journal of Medical Engineering & Technology, 35(6-7), 300–307. doi:10.3109/03091902.2011.601784","GOUIZI, K., BEREKSI REGUIG, F., & MAAOUI, C. ",Emotion recognition from physiological signals,2011,Journal of Medical Engineering & Technology,x,-,,France,
47,1,"Bornoiu, I.-V., Strungaru, R., & Grigore, O. (2015). Intelligent System for Emotion Recognition Based on Electrodermal Activity Processing. 6th European Conference of the International Federation for Medical and Biological Engineering, 70–73. doi:10.1007/978-3-319-11128-5_18 ","Bornoiu, I.-V., Strungaru, R., & Grigore, O",Intelligent System for Emotion Recognition Based on Electrodermal Activity Processing,2015,Medical and Biological Engineering,-,x,,Romania,
48,1,"Liapis, A., Katsanos, C., Sotiropoulos, D., Xenos, M., & Karousos, N. (2015). Subjective Assessment of Stress in HCI. Proceedings of the 11th Biannual Conference on Italian SIGCHI Chapter - CHItaly 2015. doi:10.1145/2808435.2808450","Liapis, A., Katsanos, C., Sotiropoulos, D., Xenos, M., & Karousos, N.",Subjective Assessment of Stress in HCI,2015,Proceedings of the 11th Biannual Conference on Italian SIGCHI Chapter - CHItaly 2015.,-,x,,Greece,
49,1,"Drungilas, D., Bielskis, A. A., & Denisov, V. (2010). An intelligent control system based on non-invasive man machine interaction. In Innovations in Computing Sciences and Software Engineering (pp. 63-68). Springer, Dordrecht.","Drungilas, D., Bielskis, A. A., & Denisov, V. ",An intelligent control system based on non-invasive man machine interaction,2010,Innovations in Computing Sciences and Software Engineering,-,x,,Lithuania,
50,1,"Wu, G., Liu, G., & Hao, M. (2010). The Analysis of Emotion Recognition from GSR Based on PSO. 2010 International Symposium on Intelligence Information Processing and Trusted Computing. doi:10.1109/iptc.2010.60","Wu, G., Liu, G., & Hao, M.",The Analysis of Emotion Recognition from GSR Based on PSO,2010,2010 International Symposium on Intelligence Information Processing and Trusted Computing,-,x,,China,
51,1,"Giakoumis, D., Tzovaras, D., Moustakas, K., & Hassapis, G. (2011). Automatic Recognition of Boredom in Video Games Using Novel Biosignal Moment-Based Features. IEEE Transactions on Affective Computing, 2(3), 119–133. doi:10.1109/t-affc.2011.4 ","Giakoumis, D., Tzovaras, D., Moustakas, K., & Hassapis, G.",Automatic Recognition of Boredom in Video Games Using Novel Biosignal Moment-Based Features,2011,IEEE Transactions on Affective Computing,x,-,,Greece,
52,1,"Safta, I., Grigore, O., & Căruntu, C.(2011). Emotion Detection Using Psycho-Physiological Signal Processing. Computer, 3, 4.","Safta, I., Grigore, O., & Căruntu, C",Emotion Detection Using Psycho-Physiological Signal Processing. Computer,2011,2011 7TH INTERNATIONAL SYMPOSIUM ON ADVANCED TOPICS IN ELECTRICAL ENGINEERING (ATEE),-,x,,Romania,
53,1,"Ren, P., Barreto, A., Gao, Y., & Adjouadi, M. (2012). Comparison of the use of pupil diameter and galvanic skin response signals for affective assessment of computer users. Biomedical sciences instrumentation, 48, 345-350.","Ren, P., Barreto, A., Gao, Y., & Adjouadi, M.",Comparison of the use of pupil diameter and galvanic skin response signals for affective assessment of computer users,2012,Biomedical sciences instrumentation,-,x,,USA,
54,1,"Cheng, J., & Liu, G. (2013). Computing nonlinear features of skin conductance to build the affective detection model. 2013 International Conference on Communications, Circuits and Systems (ICCCAS). doi:10.1109/icccas.2013.6765349 ","Cheng, J., & Liu, G.",Computing nonlinear features of skin conductance to build the affective detection model,2013,"International Conference on Communications, Circuits and Systems (ICCCAS)",-,x,,China,
55,1,"Ren, P., Barreto, A., Gao, Y., & Adjouadi, M. (2013). Affective Assessment by Digital Processing of the Pupil Diameter. IEEE Transactions on Affective Computing, 4(1), 2–14. doi:10.1109/t-affc.2012.25","Ren, P., Barreto, A., Gao, Y., & Adjouadi, M.",Affective Assessment by Digital Processing of the Pupil Diameter,2013,IEEE Transactions on Affective Computing,x,-,,USA,
56,1,"Guo, R., Li, S., He, L., Gao, W., Qi, H., & Owens, G. (2013, May). Pervasive and unobtrusive emotion sensing for human mental health. In 2013 7th International Conference on Pervasive Computing Technologies for Healthcare and Workshops (pp. 436-439). IEEE.","Guo, R., Li, S., He, L., Gao, W., Qi, H., & Owens, G.",Pervasive and unobtrusive emotion sensing for human mental health,2013,7th International Conference on Pervasive Computing Technologies for Healthcare and Workshops,-,x,,USA,
57,1,"Henriques, R., Paiva, A., & Antunes, C. (2013). Accessing Emotion Patterns from Affective Interactions Using Electrodermal Activity. 2013 Humaine Association Conference on Affective Computing and Intelligent Interaction. doi:10.1109/acii.2013.14 ","Henriques, R., Paiva, A., & Antunes, C",Accessing Emotion Patterns from Affective Interactions Using Electrodermal Activity,2013,Humaine Association Conference on Affective Computing and Intelligent Interaction,-,x,,Portugal,
58,1,"Li, S., Guo, R., He, L., Gao, W., Qi, H., & Owens, G. (2014). MoodMagician. Proceedings of the 12th ACM Conference on Embedded Network Sensor Systems - SenSys ’14. doi:10.1145/2668332.2668371","Li, S., Guo, R., He, L., Gao, W., Qi, H., & Owens, G.",MoodMagician,2014,Proceedings of the 12th ACM Conference on Embedded Network Sensor Systems,-,x,,USA,
59,1,"Yu, D., & Sun, S. (2020). A systematic exploration of deep neural networks for EDA-based emotion recognition. Information, 11(4), 212.","Yu, D.; Sun, S.","A systematic exploration of deep neural networks for EDA-based emotion recognition
",2020,Information,x,,,China,
60,1,"Al Machot, F., Elmachot, A., Ali, M., Al Machot, E., & Kyamakya, K. (2019). A deep-learning model for subject-independent human emotion recognition using electrodermal activity sensors. Sensors, 19(7), 1659.","F, Al Machot; A, Elmachot; M, Ali; E, Al Machot; K, Kyamakya","A Deep-Learning Model for Subject-Independent Human Emotion Recognition Using Electrodermal Activity Sensors.
",2019,Sensors,x,,,Germany,
61,1,"Seo, J., Laine, T. H., & Sohn, K. A. (2019). An exploration of machine learning methods for robust boredom classification using EEG and GSR data. Sensors, 19(20), 4561.","J, Seo; TH, Laine; KA, Sohn","An Exploration of Machine Learning Methods for Robust Boredom Classification Using EEG and GSR Data.
",2019,Sensors,x,,,Korea,
62,1,"Martinez, R., Salazar-Ramirez, A., Arruti, A., Irigoyen, E., Martin, J. I., & Muguerza, J. (2019). A self-paced relaxation response detection system based on galvanic skin response analysis. IEEE Access, 7, 43730-43741.","Martinez, R.; Salazar-Ramirez, A.; Arruti, A.; Irigoyen, E.; Martin, J.I.; Muguerza, J.","A Self-Paced Relaxation Response Detection System Based on Galvanic Skin Response Analysis
",2019,IEEE Access,x,,,Spain,
63,1,"Sharma, V., Prakash, N. R., & Kalra, P. (2019). Audio-video emotional response mapping based upon electrodermal activity. Biomedical Signal Processing and Control, 47, 324-333.","Sharma, V.; Prakash, N.R.; Kalra, P.","Audio-video emotional response mapping based upon Electrodermal Activity
",2019,Biomedical Signal Processing and Control,x,,,India,
64,1,"Dar, M. N., Akram, M. U., Khawaja, S. G., & Pujari, A. N. (2020). Cnn and lstm-based emotion charting using physiological signals. Sensors, 20(16), 4551.","Dar, M.N.; Akram, M.U.; Khawaja, S.G.; Pujari, A.N.","Cnn and lstm-based emotion charting using physiological signals
",2020,Sensors,x,,,Pakistan,
65,1,"Greco, A., Marzi, C., Lanata, A., Scilingo, E. P., & Vanello, N. (2019, July). Combining electrodermal activity and speech analysis towards a more accurate emotion recognition system. In 2019 41st Annual International Conference of the IEEE Engineering in Medicine and Biology Society (EMBC) (pp. 229-232). IEEE.","A, Greco; C, Marzi; A, Lanata; EP, Scilingo; N, Vanello","Combining Electrodermal Activity and Speech Analysis towards a more Accurate Emotion Recognition System.
",2019,Annual International Conference of the IEEE Engineering in Medicine and Biology Society. IEEE Engineering in Medicine and Biology Society. Annual International Conference,,x,,Italy,
66,1,"Ganapathy, N., Veeranki, Y. R., & Swaminathan, R. (2020). Convolutional neural network based emotion classification using electrodermal activity signals and time-frequency features. Expert Systems with Applications, 159, 113571.","Ganapathy, N.; Veeranki, Y.R.; Swaminathan, R.","Convolutional neural network based emotion classification using electrodermal activity signals and time-frequency features
",2020,Expert Systems With Applications,,,x,India,
67,1,"Lee, S., Lee, T., Yang, T., Yoon, C., & Kim, S. P. (2020). Detection of drivers’ anxiety invoked by driving situations using multimodal biosignals. Processes, 8(2), 155.","Lee, S.; Lee, T.; Yang, T.; Yoon, C.; Kim, S.P.","Detection of drivers' anxiety invoked by driving situations using multimodal biosignals
",2020,Processes,x,,,Korea,
68,1,"García-Faura, Á., Hernández-García, A., Fernández-Martínez, F., Díaz-de-María, F., & San-Segundo, R. (2019, January). Emotion and attention: Audiovisual models for group-level skin response recognition in short movies. In Web Intelligence (Vol. 17, No. 1, pp. 29-40). IOS Press.","García-Faura, A.; Hernández-García, A.; Fernández-Martínez, F.; Díaz-De-María, F.; San-Segundo, R.","Emotion and attention: Audiovisual models for group-level skin response recognition in short movies
",2019,Web Intelligence,x,,,Spain,
69,1,"Wei, W., Jia, Q., Feng, Y., & Chen, G. (2018). Emotion recognition based on weighted fusion strategy of multichannel physiological signals. Computational intelligence and neuroscience, 2018.","W, Wei; Q, Jia; Y, Feng; G, Chen","Emotion Recognition Based on Weighted Fusion Strategy of Multichannel Physiological Signals.
",2018,Computational Intelligence and Neuroscience,x,,,China,
70,1,"El-Amir, M. M., Al-Atabany, W., & Eldosoky, M. A. (2019, April). Emotion Recognition via Detrended Fluctuation Analysis and Fractal Dimensions. In 2019 36th National Radio Science Conference (NRSC) (pp. 200-208). IEEE.","El-Amir, M.M.; Al-Atabany, W.; Eldosoky, M.A.; R., Sadek; A.A., Goudah; S., ElDiasty","Emotion Recognition via Detrended Fluctuation Analysis and Fractal Dimensions
",2019,"National Radio Science conference
",,x,,Egypt,
71,1,"Tung, K., Liu, P. K., Chuang, Y. C., Wang, S. H., & Wu, A. Y. A. (2018, December). Entropy-assisted multi-modal emotion recognition framework based on physiological signals. In 2018 IEEE-EMBS Conference on Biomedical Engineering and Sciences (IECBES) (pp. 22-26). IEEE.","Tung, K.; Liu, P.-K.; Chuang, Y.-C.; Wang, S.-H.; Wu, A.-Y.","Entropy-assisted multi-modal emotion recognition framework based on physiological signals
",2019,Conference on biomedical engineering and science,,x,,Taiwan,
72,1,"Golgouneh, A., & Tarvirdizadeh, B. (2020). Fabrication of a portable device for stress monitoring using wearable sensors and soft computing algorithms. Neural Computing and Applications, 32(11), 7515-7537.","Golgouneh, A.; Tarvirdizadeh, B.","Fabrication of a portable device for stress monitoring using wearable sensors and soft computing algorithms
",2020,Neural Computing and Applications,x,,,Iran,
73,1,"Sun, X., Hong, T., Li, C., & Ren, F. (2019). Hybrid spatiotemporal models for sentiment classification via galvanic skin response. Neurocomputing, 358, 385-400.","Sun, X.; Hong, T.; Li, C.; Ren, F.","Hybrid spatiotemporal models for sentiment classification via galvanic skin response
",2019,Neurocomputing,x,,,China,
74,1,"Chang, E. J., Rahimi, A., Benini, L., & Wu, A. Y. A. (2019, March). Hyperdimensional computing-based multimodality emotion recognition with physiological signals. In 2019 IEEE International Conference on Artificial Intelligence Circuits and Systems (AICAS) (pp. 137-141). IEEE.","Chang, E.-J.; Rahimi, A.; Benini, L.; Wu, A.-Y.A.","Hyperdimensional Computing-based Multimodality Emotion Recognition with Physiological Signals
",2019,"Proc. IEEE Int. Conf. Artif. Intell. Circuits Syst., AICAS",,x,,Switzerland,
75,1,"Song, T., Zheng, W., Lu, C., Zong, Y., Zhang, X., & Cui, Z. (2019). MPED: A multi-modal physiological emotion database for discrete emotion recognition. IEEE Access, 7, 12177-12191.","Song, T.; Zheng, W.; Lu, C.; Zong, Y.; Zhang, X.; Cui, Z.","MPED: A multi-modal physiological emotion database for discrete emotion recognition
",2019,IEEE Access,x,,,China,
76,1,"Thammasan, N., Hagad, J. L., Fukui, K. I., & Numao, M. (2017, October). Multimodal stability-sensitive emotion recognition based on brainwave and physiological signals. In 2017 Seventh International Conference on Affective Computing and Intelligent Interaction Workshops and Demos (ACIIW) (pp. 44-49). IEEE.","Thammasan, N.; Hagad, J.L.; Fukui, K.-I.; Numao, M.","Multimodal stability-sensitive emotion recognition based on brainwave and physiological signals
",2018,"Int. Conf. Affect. Comput. Intel. Interact. Workshops Demos, ACIIW",,x,,Japan,
77,1,"Pinto, G., Carvalho, J. M., Barros, F., Soares, S. C., Pinho, A. J., & Brás, S. (2020). Multimodal emotion evaluation: A physiological model for cost-effective emotion classification. Sensors, 20(12), 3510.","Pinto, G.; Carvalho, J.M.; Barros, F.; Soares, S.C.; Pinho, A.J.; Brás, S.","Multimodal emotion evaluation: A physiological model for cost-effective emotion classification
",2020,Sensors,x,,,Portugal,
78,1,"Raheel, A., Majid, M., Alnowami, M., & Anwar, S. M. (2020). Physiological sensors based emotion recognition while experiencing tactile enhanced multimedia. Sensors, 20(14), 4037.","Raheel, A.; Majid, M.; Alnowami, M.; Anwar, S.M.","Physiological sensors based emotion recognition while experiencing tactile enhanced multimedia
",2020,Sensors,x,,,Pakistan,
79,1,"Liu, Y., & Jiang, C. (2019). Recognition of shooter’s emotions under stress based on affective computing. IEEE Access, 7, 62338-62343.","Liu, Y.; Jiang, C.","Recognition of Shooter's Emotions under Stress Based on Affective Computing
",2019,IEEE Access,x,,,China,
80,1,"Zhang, K., Zhang, H., Li, S., Yang, C., & Sun, L. (2018, June). The pmemo dataset for music emotion recognition. In Proceedings of the 2018 acm on international conference on multimedia retrieval (pp. 135-142).","Zhang, K.; Zhang, H.; Li, S.; Yang, C.; Sun, L.","The PMEmo dataset for music emotion recognition
",2018,ICMR - Proc. ACM Int. Conf. Multimed. Retr.,,x,,China,
81,1,"Niu, Y., Wang, D., Wang, Z., Sun, F., Yue, K., & Zheng, N. (2020). User experience evaluation in virtual reality based on subjective feelings and physiological signals. Electronic Imaging, 2020(13), 60413-1.","Niu, Y.; Wang, D.; Wang, Z.; Sun, F.; Yue, K.; Zheng, N.; M., Dolinsky; I.E., McDowall","User Experience Evaluation in Virtual Reality based on Subjective Feelings and Physiological Signals
",2020,IS T Intl. Symposium Electronic Imaging Science Technol.,,x,,China,
82,1,"Santamaria-Granados, L., Munoz-Organero, M., Ramirez-Gonzalez, G., Abdulhay, E., & Arunkumar, N. J. I. A. (2018). Using deep convolutional neural network for emotion detection on a physiological signals dataset (AMIGOS). IEEE Access, 7, 57-67.","Santamaria-Granados, L.; Munoz-Organero, M.; Ramirez-Gonzalez, G.; Abdulhay, E.; Arunkumar, N.","Using Deep Convolutional Neural Network for Emotion Detection on a Physiological Signals Dataset (AMIGOS)
",2019,IEEE Access,x,,,Colombia,
83,1,"Zhang, L. K., Sun, S. Q., Xing, B. X., Luo, R. M., & Zhang, K. J. (2019). Using psychophysiological measures to recognize personal music emotional experience. Frontiers of Information Technology & Electronic Engineering, 20(7), 964-974.","Zhang, L.-K.; Sun, S.-Q.; Xing, B.-X.; Luo, R.-M.; Zhang, K.-J.","Using psychophysiological measures to recognize personal music emotional experience
",2019,Frontiers of Information Technology and Electronic Engineering,x,,,China,
84,1,"Liapis, A., Katsanos, C., Karousos, N., Xenos, M., & Orphanoudakis, T. (2019, September). UDSP+ stress detection based on user-reported emotional ratings and wearable skin conductance sensor. In Adjunct Proceedings of the 2019 ACM International Joint Conference on Pervasive and Ubiquitous Computing and Proceedings of the 2019 ACM International Symposium on Wearable Computers (pp. 125-128).","Liapis, A.; Katsanos, C.; Karousos, N.; Xenos, M.; Orphanoudakis, T.","UDSP+: Stress detection based on user-reported emotional ratings and wearable skin conductance sensor
",2019,UbiComp/ISWC - Adjun. Proc. ACM Int. Jt. Conf. Pervasive Ubiquitous Comput. Proc. ACM Int. Symp. Wearable Comput.,,x,,Greece,
85,1,"Xie, J., Xu, X., & Shu, L. (2018, May). WT feature based emotion recognition from multi-channel physiological signals with decision fusion. In 2018 First Asian Conference on Affective Computing and Intelligent Interaction (ACII Asia) (pp. 1-6). IEEE.","Xie, J.; Xu, X.; Shu, L.","WT Feature Based Emotion Recognition from Multi-channel Physiological Signals with Decision Fusion
",2018,"Asian Conf. Affective Comput. Intell. Interaction, ACII Asia",,x,,China,
86,1,"Ganapathy, N., & Swaminathan, R. (2020). Emotion Analysis Using Electrodermal Signals and Spiking Deep Belief Network. In Digital Personalized Health and Medicine (pp. 1269-1270). IOS Press."," N, Ganapathy; R, Swaminathan;","Emotion Analysis Using Electrodermal Signals and Spiking Deep Belief Network
",2020,Studies in health technology and informatics,x,,,India,
87,1,"Yasemin, M., Sarıkaya, M. A., & Ince, G. (2019, July). Emotional state estimation using sensor fusion of EEG and EDA. In 2019 41st Annual International Conference of the IEEE Engineering in Medicine and Biology Society (EMBC) (pp. 5609-5612). IEEE.","Mine Yasemin, Mehmet Ali Sarikaya, Gokhan Ince","Emotional State Estimation using Sensor Fusion of EEG and EDA.
",2019,Annual International Conference of the IEEE Engineering in Medicine and Biology Society,,x,,Turkey,
88,1,"Ghiasi, S., Greco, A., Barbieri, R., Scilingo, E. P., & Valenza, G. (2020). Assessing autonomic function from electrodermal activity and heart rate variability during cold-pressor test and emotional challenge. Scientific reports, 10(1), 1-13.","Ghiasi, S.; Greco, A.; Barbieri, R.; Scilingo, E.P.; Valenza, G.","Assessing Autonomic Function from Electrodermal Activity and Heart Rate Variability During Cold-Pressor Test and Emotional Challenge
",2020,Scientific Reports,x,,,Italy,
89,1,"Gümüslü, E., Erol Barkana, D., & Köse, H. (2020, October). Emotion recognition using EEG and physiological data for robot-assisted rehabilitation systems. In Companion Publication of the 2020 International Conference on Multimodal Interaction (pp. 379-387).","Gümüslü, E.; Erol Barkana, D.; Köse, H.","Emotion recognition using EEG and physiological data for robot-assisted rehabilitation systems
",2020,International Conference on Multimodal Interaction,,x,,Turkey,
90,1,"Katada, S., Okada, S., Hirano, Y., & Komatani, K. (2020, October). Is She Truly Enjoying the Conversation? Analysis of Physiological Signals toward Adaptive Dialogue Systems. In Proceedings of the 2020 International Conference on Multimodal Interaction (pp. 315-323).","Katada, S.; Okada, S.; Hirano, Y.; Komatani, K.","Is She Truly Enjoying the Conversation?: Analysis of Physiological Signals toward Adaptive Dialogue Systems
",2020,International Conference on Multimodal Interaction,,x,,Japan,
91,1,"Susanto, I. Y., Pan, T. Y., Chen, C. W., Hu, M. C., & Cheng, W. H. (2020, June). Emotion recognition from galvanic skin response signal based on deep hybrid neural networks. In Proceedings of the 2020 International Conference on Multimedia Retrieval (pp. 341-345).","Susanto, I.Y.; Pan, T.-Y.; Chen, C.-W.; Hu, M.-C.; Cheng, W.-H.","Emotion recognition from galvanic skin response signal based on deep hybrid neural networks
",2020,International Conference on Multimedia Retrieval,,x,,Taiwan,
92,1,"Rahman, J. S., Hossain, M. Z., & Gedeon, T. (2019, December). Measuring Observers' EDA Responses to Emotional Videos. In Proceedings of the 31st Australian Conference on Human-Computer-Interaction (pp. 457-461).","Rahman, J.S.; Zakir Hossain, M.; Gedeon, T.","Measuring observers' eda responses to emotional videos
",2019,Australian Conference on Human-Computer-Interaction,,x,,Australia,
93,1,"Rahim, A., Sagheer, A., Nadeem, K., Dar, M. N., Rahim, A., & Akram, U. (2019, October). Emotion Charting Using Real-time Monitoring of Physiological Signals. In 2019 International Conference on Robotics and Automation in Industry (ICRAI) (pp. 1-5). IEEE.","Rahim, A.; Sagheer, A.; Nadeem, K.; Dar, M.N.; Rahim, A.; Akram, U.","Emotion Charting Using Real-time Monitoring of Physiological Signals
",2020,International Conference on Robotics and Automation in Industry,,x,,Pakistan,
94,1,"Yin, G., Sun, S., Zhang, H., Yu, D., Li, C., Zhang, K., & Zou, N. (2019, September). User Independent Emotion Recognition with Residual Signal-Image Network. In 2019 IEEE International Conference on Image Processing (ICIP) (pp. 3277-3281). IEEE.","Yin, G.; Sun, S.; Zhang, H.; Yu, D.; Li, C.; Zhang, K.; Zou, N.","User Independent Emotion Recognition with Residual Signal-Image Network
",2020,IEEE International Conference on Image Processing,,x,,China,
95,1,"Yang, H. C., & Lee, C. C. (2019, September). Annotation matters: A comprehensive study on recognizing intended, self-reported, and observed emotion labels using physiology. In 2019 8th International Conference on Affective Computing and Intelligent Interaction (ACII) (pp. 1-7). IEEE.","Yang, H.-C.; Lee, C.-C.","Annotation Matters: A Comprehensive Study on Recognizing Intended, Self-reported, and Observed Emotion Labels using Physiology
",2020,International Conference on Affective Computing and Intelligent Interaction,,x,,Taiwan,
96,1,"Kołodziej, M., Tarnowski, P., Majkowski, A., & Rak, R. J. (2019). Electrodermal activity measurements for detection of emotional arousal. Bulletin of the Polish Academy of Sciences. Technical Sciences, 67(4).","Kołodziej, M.; Tarnowski, P.; Majkowski, A.; Rak, R.J.","Electrodermal activity measurements for detection of emotional arousal
",2020,Bulletin of the Polish Academy of Sciences: Technical Sciences,x,,,Poland,
97,1,"Ganapathy, N., & Swaminathan, R. (2019). Emotion Recognition Using Electrodermal Activity Signals and Multiscale Deep Convolution Neural Network. Studies in health technology and informatics, 258, 140-140.","Ganapathy, N.; Swaminathan, R.","Emotion Recognition Using Electrodermal Activity Signals and Multiscale Deep Convolution Neural Network
",2020,Studies in health technology and informatics,x,,,India,
98,1,"Subramanian, R., Wache, J., Abadi, M. K., Vieriu, R. L., Winkler, S., & Sebe, N. (2016). ASCERTAIN: Emotion and personality recognition using commercial sensors. IEEE Transactions on Affective Computing, 9(2), 147-160.","Subramanian, R.; Wache, J.; Abadi, M.K.; Vieriu, R.L.; Winkler, S.; Sebe, N.","Ascertain: Emotion and personality recognition using commercial sensors
",2018,IEEE Transactions on Affective Computing,x,,,India,
99,1,"Yun, H., Fortenbacher, A., Helbig, R., & Pinkwart, N. (2019). In Search of Learning Indicators: A Study on Sensor Data and IAPS Emotional Pictures. In CSEDU (2) (pp. 111-121).","Yun, H., Fortenbacher, A., Helbig, R., & Pinkwart, N. ",In Search of Learning Indicators: A Study on Sensor Data and IAPS Emotional Pictures,2019,CSEDU,,x,,Germany,
100,1,"Kim, T., Kim, S., Lee, M., Kang, Y., & Hwang, S. (2025). Assessing human emotional experience in pedestrian environments using wearable sensing and machine learning with anomaly detection. Transportation Research Part F: Traffic Psychology and Behaviour, 109, 540-555.",Kim T.; Kim S.; Lee M.; Kang Y.; Hwang S.,Assessing human emotional experience in pedestrian environments using wearable sensing and machine learning with anomaly detection,2025,Transportation Research Part F: Traffic Psychology and Behaviour,x,-,-,South Korea,10.1016/j.trf.2024.12.031
101,1,"Mercado-Diaz, L. R., Veeranki, Y. R., Large, E. W., & Posada-Quintero, H. F. (2024). Fractal Analysis of Electrodermal Activity for Emotion Recognition: A Novel Approach Using Detrended Fluctuation Analysis and Wavelet Entropy. Sensors, 24(24), 8130.",Mercado-Diaz L.R.; Veeranki Y.R.; Large E.W.; Posada-Quintero H.F.,Fractal Analysis of Electrodermal Activity for Emotion Recognition: A Novel Approach Using Detrended Fluctuation Analysis and Wavelet Entropy,2024,Sensors,x,-,-,United States,10.3390/s24248130
102,1,"Li, M., Pan, J., Li, Y., Gao, Y., Qin, H., & Shen, Y. (2024). Multimodal physiological analysis of impact of emotion on cognitive control in VR. IEEE Transactions on Visualization and Computer Graphics.",Li M.; Pan J.; Li Y.; Gao Y.; Qin H.; Shen Y.,Multimodal Physiological Analysis of Impact of Emotion on Cognitive Control in VR,2024,IEEE Transactions on Visualization and Computer Graphics,x,-,-,United States,10.1109/TVCG.2024.3372101
103,1,"Veeranki, Y. R., Posada-Quintero, H. F., & Swaminathan, R. (2024). Transition Network-Based Analysis of Electrodermal Activity Signals for Emotion Recognition. IRBM, 45(4), 100849.",Veeranki Y.R.; Posada-Quintero H.F.; Swaminathan R.,Transition Network-Based Analysis of Electrodermal Activity Signals for Emotion Recognition,2024,IRBM,x,-,-,India,10.1016/j.irbm.2024.100849
104,1,"Veeranki, Y. R., Mercado Diaz, L. R., Swaminathan, R., & Posada-Quintero, H. F. (2024). Nonlinear Signal Processing Methods for Automatic Emotion Recognition Using Electrodermal Activity. IEEE Sensors Journal, 24(6), 3354553.",Veeranki Y.R.; Diaz L.R.M.; Swaminathan R.; Posada-Quintero H.F.,Nonlinear Signal Processing Methods for Automatic Emotion Recognition Using Electrodermal Activity,2024,IEEE Sensors Journal,x,-,-,India,10.1109/JSEN.2024.3354553
105,1,"Surely, A., Taherzadeh, S., Misal, V., & Kleinsmith, A. (2022, October). Exploring Affective Dimension Perception from Bodily Expressions and Electrodermal Activity in Paramedic Simulation Training. In 2022 10th International Conference on Affective Computing and Intelligent Interaction (ACII) (pp. 1-8). IEEE.",Surely A.; Taherzadeh S.; Misal V.; Kleinsmith A.,Exploring Affective Dimension Perception from Bodily Expressions and Electrodermal Activity in Paramedic Simulation Training,2022,"2022 10th International Conference on Affective Computing and Intelligent Interaction, ACII 2022",-,x,-,United States,10.1109/ACII55700.2022.9953862
106,1,"Yang, P., Liu, N., Liu, X., Shu, Y., Ji, W., Ren, Z., ... & Liu, Y. J. (2024). A Multimodal Dataset for Mixed Emotion Recognition. Scientific Data, 11(1), 847.","Yang, P.; Liu, N.; Liu, X.; Shu, Y.; Ji, W.; Ren, Z.; ... & Liu, Y. J.",A Multimodal Dataset for Mixed Emotion Recognition,2024,Scientific Data,x,,,China,10.1038/s41597-024-03676-4
107,1,"Rao Veeranki, Y., Ganapathy, N., & Swaminathan, R. (2021). Electrodermal activity based emotion recognition using time-frequency methods and machine learning algorithms. Current Directions in Biomedical Engineering, 7(2), 863-866.",Rao Veeranki Y.; Ganapathy N.; Swaminathan R.,Electrodermal Activity Based Emotion Recognition using Time-Frequency Methods and Machine Learning Algorithms,2021,Current Directions in Biomedical Engineering,-,x,-,Germany,10.1515/cdbme-2021-2220
108,1,"Ronickom, J. F. A. (2023, October). Enhancing emotion recognition: Machine learning with phasic spectrogram texture features. In 2023 IEEE 5th International Conference on Cybernetics, Cognition and Machine Learning Applications (ICCCMLA) (pp. 600-603). IEEE.",Kumar P S.; Ronickom J.F.A.,Enhancing Emotion Recognition: Machine Learning with Phasic Spectrogram Texture Features,2023,"5th IEEE International Conference on Cybernetics, Cognition and Machine Learning Applications, ICCCMLA 2023",-,x,-,India,10.1109/ICCCMLA58983.2023.10346619
109,1,"Bota, P., Zhang, T., El Ali, A., Fred, A., da Silva, H. P., & Cesar, P. (2023). Group synchrony for emotion recognition using physiological signals. IEEE Transactions on Affective Computing, 14(4), 2614-2625.",Bota P.; Zhang T.; El Ali A.; Fred A.; Da Silva H.P.; Cesar P.,Group Synchrony for Emotion Recognition Using Physiological Signals,2023,IEEE Transactions on Affective Computing,x,-,-,Netherlands,10.1109/TAFFC.2023.3265433
110,1,"Semerci, Y. C., Akgün, G., Toprak, E., & Barkana, D. E. (2022, October). A comparative analysis of deep learning methods for emotion recognition using physiological signals for robot-based intervention studies. In 2022 Medical Technologies Congress (TIPTEKNO) (pp. 1-4). IEEE.",Semerci Y.C.; Akgün G.; Toprak E.; Barkana D.E.,A Comparative Analysis of Deep Learning Methods for Emotion Recognition using Physiological Signals for Robot-Based Intervention Studies,2022,"TIPTEKNO 2022 - Medical Technologies Congress, Proceedings",-,x,-,Turkey,10.1109/TIPTEKNO56568.2022.9960200
111,1,"Veeranki, Y. R., Ganapathy, N., & Swaminathan, R. (2021). Differentiation of dichotomous emotional states in electrodermal activity signals using higher-order crossing features and parametric classifiers. Biomed. Sci. Instr, 57(2), 322-332.",Veeranki Y.R.; Ganapathy N.; Swaminathan R.,Differentiation of dichotomous emotional states in electrodermal activity signals using higher-order crossing features and parametric classifiers,2021,Biomedical Sciences Instrumentation,x,-,-,Germany,10.34107/YHPN9422.04322
112,1,"Dutta, S., Mishra, B. K., Mitra, A., & Chakraborty, A. (2022). An analysis of emotion recognition based on GSR signal. ECS Transactions, 107(1), 12535.",Dutta S.; Mishra B.K.; Mitra A.; Chakraborty A.,An Analysis of Emotion Recognition Based on GSR Signal,2022,ECS Transactions,-,x,-,India,10.1149/10701.12535ecst
113,1,"Selvi, R., & Vijayakumaran, C. (2023). An efficient multimodal emotion identification using FOX optimized double deep Q-learning. Wireless Personal Communications, 132(4), 2387-2406.",Selvi R.; Vijayakumaran C.,An Efficient Multimodal Emotion Identification Using FOX Optimized Double Deep Q-Learning,2023,Wireless Personal Communications,x,-,-,India,10.1007/s11277-023-10685-w
114,1,"Bulagang, A. F., Mountstephens, J., & Teo, J. (2021, May). Support Vector Machine Tuning for Improving Four-Quadrant Emotion Prediction in Virtual Reality (VR) using Wearable Electrodermography (EDG). In Journal of Physics: Conference Series (Vol. 1878, No. 1, p. 012020). IOP Publishing.",Bulagang A.F.; Mountstephens J.; Teo J.,Support Vector Machine Tuning for Improving Four-Quadrant Emotion Prediction in Virtual Reality (VR) using Wearable Electrodermography (EDG),2021,Journal of Physics: Conference Series,-,x,-,Malaysia,10.1088/1742-6596/1878/1/012020
115,1,"Kumar, A., & Kumar, A. (2025). Human emotion recognition using Machine learning techniques based on the physiological signal. Biomedical Signal Processing and Control, 100, 107039.",Kumar A.; Kumar A.,Human emotion recognition using Machine learning techniques based on the physiological signal,2025,Biomedical Signal Processing and Control,x,-,-,India,10.1016/j.bspc.2024.107039
116,1,"Jung, T. P., & Sejnowski, T. J. (2019). Utilizing deep learning towards multi-modal bio-sensing and vision-based affective computing. IEEE Transactions on Affective Computing, 13(1), 96-107.",Siddharth; Jung T.-P.; Sejnowski T.J.,Utilizing Deep Learning Towards Multi-Modal Bio-Sensing and Vision-Based Affective Computing,2022,IEEE Transactions on Affective Computing,x,-,-,United States,10.1109/TAFFC.2019.2916015
117,1,"Saffaryazdi, N., Kirkcaldy, N., Lee, G., Loveys, K., Broadbent, E., & Billinghurst, M. (2024). Exploring the impact of computer-mediated emotional interactions on human facial and physiological responses. Telematics and Informatics Reports, 14, 100131.",Saffaryazdi N.; Kirkcaldy N.; Lee G.; Loveys K.; Broadbent E.; Billinghurst M.,Exploring the impact of computer-mediated emotional interactions on human facial and physiological responses,2024,Telematics and Informatics Reports,x,-,-,New Zealand,10.1016/j.teler.2024.100131
118,1,"Nisa'Minhad, K., Ooi, K. J., Bhuiyan, M. A. S., Reaz, M. B. I., & Ali, S. H. M. (2021, March). Assessments of autonomic nervous system biomarker for emotion recognition using electrodermal activity signal. In 2020 IEEE-EMBS Conference on Biomedical Engineering and Sciences (IECBES) (pp. 351-355). IEEE.",Minhad K.N.; Ooi K.J.A.; Sobhan Bhuiyan M.A.; Ibne Reaz M.B.; Md Ali S.H.,Assessments of Autonomic Nervous System Biomarker for Emotion Recognition using Electrodermal Activity Signal,2021,"Proceedings - 2020 IEEE EMBS Conference on Biomedical Engineering and Sciences, IECBES 2020",-,x,-,Malaysia,10.1109/IECBES48179.2021.9398844
119,1,"Veeranki, Y. R., Ganapathy, N., Swaminathan, R., & Posada-Quintero, H. F. (2024). Comparison of electrodermal activity signal decomposition techniques for emotion recognition. IEEE Access, 12, 19952-19966.",Veeranki Y.R.; Ganapathy N.; Swaminathan R.; Posada-Quintero H.F.,Comparison of Electrodermal Activity Signal Decomposition Techniques for Emotion Recognition,2024,IEEE Access,x,-,-,India,10.1109/ACCESS.2024.3361832
120,1,"Bhatti, A., Behinaein, B., Rodenburg, D., Hungler, P., & Etemad, A. (2021, September). Attentive cross-modal connections for deep multimodal wearable-based emotion recognition. In 2021 9th international conference on affective computing and intelligent interaction workshops and demos (ACIIW) (pp. 01-05). IEEE.",Bhatti A.; Behinaein B.; Rodenburg D.; Hungler P.; Etemad A.,Attentive Cross-modal Connections for Deep Multimodal Wearable-based Emotion Recognition,2021,"2021 9th International Conference on Affective Computing and Intelligent Interaction Workshops and Demos, ACIIW 2021",-,x,-,Canada,10.1109/ACIIW52867.2021.9666360
121,1,"Chong, D., Yu, A., Su, H., & Zhou, Y. (2022). The impact of emotional states on construction workers’ recognition ability of safety hazards based on social cognitive neuroscience. Frontiers in psychology, 13, 895929.",Chong D.; Yu A.; Su H.; Zhou Y.,The Impact of Emotional States on Construction Workers’ Recognition Ability of Safety Hazards Based on Social Cognitive Neuroscience,2022,Frontiers in Psychology,x,-,-,China,10.3389/fpsyg.2022.895929
122,1,"Gupta, K., Chan, S. W., Pai, Y. S., Strachan, N., Su, J., Sumich, A., ... & Billinghurst, M. (2022). Total vrecall: Using biosignals to recognize emotional autobiographical memory in virtual reality. Proceedings of the ACM on Interactive, Mobile, Wearable and Ubiquitous Technologies, 6(2), 1-21.",Gupta K.; Chan S.W.T.; Pai Y.S.; Strachan N.; Su J.; Sumich A.; Nanayakkara S.; Billinghurst M.,Total VREcall: Using biosignals to recognize emotional autobiographical memory in virtual reality,2022,"Proceedings of the ACM on Interactive, Mobile, Wearable and Ubiquitous Technologies",x,-,-,Singapore,10.1145/3534615
123,1,"Banik, S., Kumar, H., Ganapathy, N., & Swaminathan, R. (2024). Assessment of Valance Emotional State Using EEG-EDA Coupling and Explainable Classifiers. In Digital Health and Informatics Innovations for Sustainable Health Care Systems (pp. 953-957). IOS Press.","Banik, S.; Kumar, H.; Ganapathy, N.; & Swaminathan, R.",Assessment of Valance Emotional State Using EEG-EDA Coupling and Explainable Classifiers,2024,Digital Health and Informatics Innovations for Sustainable Health Care Systems,x,,,India,10.3233/shti240569
124,1,"Wang, K., Zhao, Z., Shen, X., & Yamauchi, T. (2023). Video elicited physiological signal dataset considering indoor temperature factors. Frontiers in Neuroscience, 17, 1180407.",Wang K.; Zhao Z.; Shen X.; Yamauchi T.,Video elicited physiological signal dataset considering indoor temperature factors,2023,Frontiers in Neuroscience,x,-,-,United States,10.3389/fnins.2023.1180407
125,1,"Zitouni, M. S., Park, C. Y., Lee, U., Hadjileontiadis, L. J., & Khandoker, A. (2022). LSTM-modeling of emotion recognition using peripheral physiological signals in naturalistic conversations. IEEE Journal of Biomedical and Health Informatics, 27(2), 912-923.",Zitouni M.S.; Park C.Y.; Lee U.; Hadjileontiadis L.J.; Khandoker A.,LSTM-Modeling of Emotion Recognition Using Peripheral Physiological Signals in Naturalistic Conversations,2023,IEEE Journal of Biomedical and Health Informatics,x,-,-,Greece,10.1109/JBHI.2022.3225330
126,1,"Khan, A., Hopkins, J., & Gunes, H. (2021, September). Multi-dimensional Affect in Poetry (POCA) Dataset: Acquisition, Annotation and Baseline Results. In 2021 9th International Conference on Affective Computing and Intelligent Interaction (ACII) (pp. 1-8). IEEE.",Khan A.; Hopkins J.; Gunes H.,"Multi-dimensional Affect in Poetry (POCA) Dataset: Acquisition, Annotation and Baseline Results",2021,"2021 9th International Conference on Affective Computing and Intelligent Interaction, ACII 2021",-,x,-,United Kingdom,10.1109/ACII52823.2021.9597451
127,1,"Anthiyur Aravindan, A., Kalyan Chappidi, S., Thumma, A., & Palanisamy, R. (2023, September). Prediction of arousal and valence state from electrodermal activity using wavelet based resnet50 model. In Current Directions in Biomedical Engineering (Vol. 9, No. 1, pp. 555-558). De Gruyter.",Anthiyur Aravindan A.; Kalyan Chappidi S.; Thumma A.; Palanisamy R.,Prediction of Arousal and Valence State from Electrodermal Activity using Wavelet based ResNet50 Model,2023,Current Directions in Biomedical Engineering,-,x,-,India,10.1515/cdbme-2023-1139
128,1,"Zhang, L., Hu, F., Liu, X., Wang, Y., Zhang, H., Liu, Z., & Yu, C. (2024). Intelligent emotion recognition in product design using multimodal physiological signals and machine learning. Journal of Engineering Design, 1-21.",Zhang L.; Hu F.; Liu X.; Wang Y.; Zhang H.; Liu Z.; Yu C.,Intelligent emotion recognition in product design using multimodal physiological signals and machine learning,2024,Journal of Engineering Design,x,-,-,China,10.1080/09544828.2024.2362589
129,1,"Ganapathy, N., Veeranki, Y. R., Kumar, H., & Swaminathan, R. (2021). Emotion recognition using electrodermal activity signals and multiscale deep convolutional neural network. Journal of Medical Systems, 45(4), 49.",Ganapathy N.; Veeranki Y.R.; Kumar H.; Swaminathan R.,Emotion Recognition Using Electrodermal Activity Signals and Multiscale Deep Convolutional Neural Network,2021,Journal of Medical Systems,x,-,-,India,10.1007/s10916-020-01676-6
130,1,"Kumar, P. S., Govarthan, P. K., Gadda, A. A. S., Ganapathy, N., & Ronickom, J. F. A. (2024). Deep learning-based automated emotion recognition using multi modal physiological signals and time-frequency methods. IEEE Transactions on Instrumentation and Measurement.",Sriram Kumar P.; Govarthan P.K.; Aleem Shaik Gadda A.; Ganapathy N.; Fredo Agastinose Ronickom J.,Deep Learning-Based Automated Emotion Recognition Using Multimodal Physiological Signals and Time-Frequency Methods,2024,IEEE Transactions on Instrumentation and Measurement,x,-,-,India,10.1109/TIM.2024.3420349
131,1,"Pidgeon, M., Kanwal, N., Murray, N., & Asghar, M. (2022, July). End-to-End Emotion Recognition using Peripheral Physiological Signals. In 35th International BCS Human-Computer Interaction Conference (pp. 1-10). BCS Learning & Development.",Pidgeon M.; Kanwal N.; Murray N.; Asghar M.,End-To-End Emotion Recognition using Peripheral Physiological Signals,2022,"35th British HCI Conference Towards a Human-Centred Digital Society, HCI 2022",-,x,-,Ireland,10.14236/ewic/HCI2022.19
132,1,"He, Y., Chen, L., Zhao, Q., Hong, Z., & Chen, Y. (2023, December). MEDA-CBLSTM: Data Acquisition, Processing and Emotion Recognition Based on Multi-Layer EDA. In 2023 2nd International Conference on Artificial Intelligence, Human-Computer Interaction and Robotics (AIHCIR) (pp. 380-384). IEEE.",He Y.; Chen L.; Zhao Q.; Hong Z.; Chen Y.,"MEDA-CBLSTM: Data Acquisition, Processing and Emotion Recognition Based on Multi-Layer EDA",2023,"Proceedings - 2023 2nd International Conference on Artificial Intelligence, Human-Computer Interaction and Robotics, AIHCIR 2023",-,x,-,China,10.1109/AIHCIR61661.2023.00066
133,1,"Dessai, A., & Virani, H. (2023). Emotion classification based on CWT of ECG and GSR signals using various CNN models. Electronics, 12(13), 2795.",Dessai A.; Virani H.,Emotion Classification Based on CWT of ECG and GSR Signals Using Various CNN Models,2023,Electronics (Switzerland),x,-,-,India,10.3390/electronics12132795
134,1,"Mercado-Diaz, L. R., Veeranki, Y. R., Marmolejo-Ramos, F., & Posada-Quintero, H. F. (2024). EDA-Graph: Graph Signal Processing of Electrodermal Activity for Emotional States Detection. IEEE Journal of Biomedical and Health Informatics.",Mercado-Diaz L.R.; Veeranki Y.R.; Marmolejo-Ramos F.; Posada-Quintero H.F.,EDA-Graph: Graph Signal Processing of Electrodermal Activity for Emotional States Detection,2024,IEEE Journal of Biomedical and Health Informatics,x,-,-,Australia,10.1109/JBHI.2024.3405491
135,1,"Gahlan, N., & Sethia, D. (2024). AFLEMP: Attention-based federated learning for emotion recognition using multi-modal physiological data. Biomedical Signal Processing and Control, 94, 106353.",Gahlan N.; Sethia D.,AFLEMP: Attention-based Federated Learning for Emotion recognition using Multi-modal Physiological data,2024,Biomedical Signal Processing and Control,x,-,-,India,10.1016/j.bspc.2024.106353
136,1,"Kumar P, S., & Ronickom, J. F. A. (2023, October). Investigating the Effects of Two-Class Categorical Emotion Classification Through Electrodermal Activity and Machine Learning. In 2023 IEEE 5th International Conference on Cybernetics, Cognition and Machine Learning Applications (ICCCMLA) (pp. 594-599). IEEE.",Kumar P S.; Kumar S.; Agastinose Ronickom J.F.,Investigating the Effects of Two-Class Categorical Emotion Classification Through Electrodermal Activity and Machine Learning,2023,"5th IEEE International Conference on Cybernetics, Cognition and Machine Learning Applications, ICCCMLA 2023",-,x,-,India,10.1109/ICCCMLA58983.2023.10346868
137,1,"Zhu, L., Spachos, P., & Gregori, S. (2022, June). Multimodal physiological signals and machine learning for stress detection by wearable devices. In 2022 IEEE International Symposium on Medical Measurements and Applications (MeMeA) (pp. 1-6). IEEE.",Zhu L.; Spachos P.; Gregori S.,Multimodal Physiological Signals and Machine Learning for Stress Detection by Wearable Devices,2022,"2022 IEEE International Symposium on Medical Measurements and Applications, MeMeA 2022 - Conference Proceedings",-,x,-,Canada,10.1109/MeMeA54994.2022.9856558
138,1,"Chen, P., Zou, B., Belkacem, A. N., Lyu, X., Zhao, X., Yi, W., ... & Chen, C. (2022). An improved multi-input deep convolutional neural network for automatic emotion recognition. Frontiers in Neuroscience, 16, 965871.",Chen P.; Zou B.; Belkacem A.N.; Lyu X.; Zhao X.; Yi W.; Huang Z.; Liang J.; Chen C.,An improved multi-input deep convolutional neural network for automatic emotion recognition,2022,Frontiers in Neuroscience,x,-,-,China,10.3389/fnins.2022.965871
139,1,"Mu, J., Qiao, Y., & Liu, G. (2024, March). Research on Emotion Recognition Strategy Based on Electrocardiogram and Electrodermal activity Signals Induced by Music. In 2024 5th International Seminar on Artificial Intelligence, Networking and Information Technology (AINIT) (pp. 1574-1578). IEEE.",Mu J.; Qiao Y.; Liu G.,Research on Emotion Recognition Strategy Based on Electrocardiogram and Electrodermal activity Signals Induced by Music,2024,"2024 5th International Seminar on Artificial Intelligence, Networking and Information Technology, AINIT 2024",-,x,-,China,10.1109/AINIT61980.2024.10581751
140,1,"Di Lascio, E., Gashi, S., Debus, M. E., & Santini, S. (2021, September). Automatic recognition of flow during work activities using context and physiological signals. In 2021 9th International Conference on Affective Computing and Intelligent Interaction (ACII) (pp. 1-8). IEEE.",Di Lascio E.; Gashi S.; Debus M.E.; Santini S.,Automatic Recognition of Flow During Work Activities Using Context and Physiological Signals,2021,"2021 9th International Conference on Affective Computing and Intelligent Interaction, ACII 2021",-,x,-,Switzerland,10.1109/ACII52823.2021.9597434
141,1,"Ross, K., Hungler, P., & Etemad, A. (2023). Unsupervised multi-modal representation learning for affective computing with multi-corpus wearable data. Journal of Ambient Intelligence and Humanized Computing, 14(4), 3199-3224.",Ross K.; Hungler P.; Etemad A.,Unsupervised multi-modal representation learning for affective computing with multi-corpus wearable data,2023,Journal of Ambient Intelligence and Humanized Computing,x,-,-,Canada,10.1007/s12652-021-03462-9
142,1,"Perry Fordson, H., Xing, X., Guo, K., & Xu, X. (2022). Emotion recognition with knowledge graph based on electrodermal activity. Frontiers in Neuroscience, 16, 911767.",Perry Fordson H.; Xing X.; Guo K.; Xu X.,Emotion Recognition With Knowledge Graph Based on Electrodermal Activity,2022,Frontiers in Neuroscience,x,-,-,China,10.3389/fnins.2022.911767
143,1,"Ghiasi, S., Patane, A., Laurenti, L., Gentili, C., Scilingo, E. P., Greco, A., & Kwiatkowska, M. (2022). Physiologically-informed gaussian processes for interpretable modelling of psycho-physiological states. IEEE Journal of Biomedical and Health Informatics, 27(8), 3721-3730.",Ghiasi S.; Patane A.; Laurenti L.; Gentili C.; Scilingo E.P.; Greco A.; Kwiatkowska M.,Physiologically-Informed Gaussian Processes for Interpretable Modelling of Psycho-Physiological States,2023,IEEE Journal of Biomedical and Health Informatics,x,-,-,Italy,10.1109/JBHI.2022.3224775
144,1,"Zhu, L., & Spachos, P. (2022, December). Annotation efficiency in multimodal emotion recognition with deep learning. In GLOBECOM 2022-2022 IEEE Global Communications Conference (pp. 560-565). IEEE.",Zhu L.; Spachos P.,Annotation Efficiency in Multimodal Emotion Recognition with Deep Learning,2022,"Proceedings - IEEE Global Communications Conference, GLOBECOM",-,x,-,Canada,10.1109/GLOBECOM48099.2022.10000909
145,1,"Zhu, L., Spachos, P., & Gregori, S. (2023, May). Electrodermal activity for emotion recognition using cnn and bi-gru model. In ICC 2023-IEEE International Conference on Communications (pp. 5533-5538). IEEE.",Zhu L.; Spachos P.; Gregori S.,Electrodermal Activity for Emotion Recognition Using CNN and Bi-GRU Model,2023,IEEE International Conference on Communications,-,x,-,Canada,10.1109/ICC45041.2023.10278603
146,1,"Katada, S., & Okada, S. (2022). Biosignal-based user-independent recognition of emotion and personality with importance weighting. Multimedia Tools and Applications, 81(21), 30219-30241.",Katada S.; Okada S.,Biosignal-based user-independent recognition of emotion and personality with importance weighting,2022,Multimedia Tools and Applications,x,-,-,Japan,10.1007/s11042-022-12711-8
147,1,"Gupta, R., Bhongade, A., & Gandhi, T. K. (2023, March). Multimodal wearable sensors-based stress and affective states prediction model. In 2023 9th International Conference on Advanced Computing and Communication Systems (ICACCS) (Vol. 1, pp. 30-35). IEEE.",Gupta R.; Bhongade A.; Gandhi T.K.,Multimodal Wearable Sensors-based Stress and Affective States Prediction Model,2023,"2023 9th International Conference on Advanced Computing and Communication Systems, ICACCS 2023",-,x,-,India,10.1109/ICACCS57279.2023.10112973
148,1,"Mohino-Herranz, I., Gil-Pita, R., García-Gómez, J., Alonso-Diaz, S., Rosa-Zurera, M., & Seoane, F. (2024). Initializing the weights of a multilayer perceptron for activity and emotion recognition. Expert Systems with Applications, 253, 124305.",Mohino-Herranz I.; Gil-Pita R.; García-Gómez J.; Alonso-Diaz S.; Rosa-Zurera M.; Seoane F.,Initializing the weights of a multilayer perceptron for activity and emotion recognition,2024,Expert Systems with Applications,x,-,-,Sweden,10.1016/j.eswa.2024.124305
149,1,"Woodward, K., & Kanjo, E. (2020). iFidgetCube: tangible fidgeting interfaces (TFIs) to monitor and improve mental wellbeing. IEEE Sensors Journal, 21(13), 14300-14307.",Woodward K.; Kanjo E.,IFidgetCube: Tangible Fidgeting Interfaces (TFIs) to Monitor and Improve Mental Wellbeing,2021,IEEE Sensors Journal,x,-,-,United Kingdom,10.1109/JSEN.2020.3031163
150,1,"Yin, G., Sun, S., Yu, D., Li, D., & Zhang, K. (2022). A multimodal framework for large-scale emotion recognition by fusing music and electrodermal activity signals. ACM Transactions on Multimedia Computing, Communications, and Applications (TOMM), 18(3), 1-23.",Yin G.; Sun S.; Yu D.; Li D.; Zhang K.,A Multimodal Framework for Large-Scale Emotion Recognition by Fusing Music and Electrodermal Activity Signals,2022,"ACM Transactions on Multimedia Computing, Communications and Applications",x,-,-,China,10.1145/3490686
151,1,"Baldassarri, S., García de Quirós, J., Beltrán, J. R., & Álvarez, P. (2023). Wearables and machine learning for improving runners’ motivation from an affective perspective. Sensors, 23(3), 1608.",Baldassarri S.; García de Quirós J.; Beltrán J.R.; Álvarez P.,Wearables and Machine Learning for Improving Runners’ Motivation from an Affective Perspective,2023,Sensors,x,-,-,Spain,10.3390/s23031608
152,1,"Li, Z., Xing, Y., Pi, Y., Jiang, M., & Zhang, L. (2023). A novel physiological feature selection method for emotional stress assessment based on emotional state transition. Frontiers in Neuroscience, 17, 1138091.",Li Z.; Xing Y.; Pi Y.; Jiang M.; Zhang L.,A novel physiological feature selection method for emotional stress assessment based on emotional state transition,2023,Frontiers in Neuroscience,x,-,-,China,10.3389/fnins.2023.1138091
153,1,"Alanazi, S.A.; Alruwaili, M.; Ahmad, F.; Alaerjan, A.; Alshammari, N. Estimation of Organizational Competitiveness by a Hybrid of One-Dimensional Convolutional Neural Networks and Self-Organizing Maps Using Physiological Signals for Emotional Analysis of Employees. Sensors 2021, 21, 3760.",Alanazi S.A.; Alruwaili M.; Ahmad F.; Alaerjan A.; Alshammari N.,Estimation of organizational competitiveness by a hybrid of one-dimensional convolutional neural networks and self-organizing maps using physiological signals for emotional analysis of employees,2021,Sensors,x,-,-,Saudi Arabia,10.3390/s21113760
154,1,"Joo, J. H., Han, S. H., Park, I., & Chung, T. S. (2024). Immersive Emotion Analysis in VR Environments: A Sensor-Based Approach to Prevent Distortion. Electronics, 13(8), 1494.",Joo J.-H.; Han S.-H.; Park I.; Chung T.-S.,Immersive Emotion Analysis in VR Environments: A Sensor-Based Approach to Prevent Distortion,2024,Electronics (Switzerland),x,-,-,South Korea,10.3390/electronics13081494
155,1,"Oh, G., Ryu, J., Jeong, E., Yang, J. H., Hwang, S., Lee, S., & Lim, S. (2021). Drer: Deep learning–based driver’s real emotion recognizer. Sensors, 21(6), 2166.",Oh G.; Ryu J.; Jeong E.; Yang J.H.; Hwang S.; Lee S.; Lim S.,Drer: Deep learning–based driver’s real emotion recognizer,2021,Sensors,x,-,-,South Korea,10.3390/s21062166
156,1,"Raheel, A., Majid, M., & Anwar, S. M. (2021). DEAR-MULSEMEDIA: Dataset for emotion analysis and recognition in response to multiple sensorial media. Information Fusion, 65, 37-49.",Raheel A.; Majid M.; Anwar S.M.,DEAR-MULSEMEDIA: Dataset for emotion analysis and recognition in response to multiple sensorial media,2021,Information Fusion,x,-,-,Pakistan,10.1016/j.inffus.2020.08.007
157,1,"Veeranki, Y. R., Mercado-Diaz, L. R., & Posada-Quintero, H. F. (2024, June). Autoencoder Based Nonlinear Feature Extraction from EDA Signals for Emotion Recognition. In 2024 IEEE International Symposium on Medical Measurements and Applications (MeMeA) (pp. 1-5). IEEE.",Veeranki Y.R.; Mercado-Diaz L.R.; Posada-Quintero H.F.,Autoencoder Based Nonlinear Feature Extraction from EDA Signals for Emotion Recognition,2024,"2024 IEEE International Symposium on Medical Measurements and Applications, MeMeA 2024 - Proceedings",-,x,-,United States,10.1109/MeMeA60663.2024.10596800
158,1,"Jaiswal, D., Mukhopadhyay, S., & Sharma, V. (2024, March). Tinystressnet: On-device stress assessment with wearable sensors on edge devices. In 2024 IEEE International Conference on Pervasive Computing and Communications Workshops and other Affiliated Events (PerCom Workshops) (pp. 166-171). IEEE.",Jaiswal D.; Mukhopadhyay S.; Sharma V.,TinyStressNet: On-device Stress Assessment with Wearable Sensors on Edge Devices,2024,"2024 IEEE International Conference on Pervasive Computing and Communications Workshops and other Affiliated Events, PerCom Workshops 2024",-,x,-,India,10.1109/PerComWorkshops59983.2024.10502631
159,1,"Rahman, J. S., Gedeon, T., Caldwell, S., Jones, R., & Jin, Z. (2021). Towards effective music therapy for mental health care using machine learning tools: human affective reasoning and music genres. Journal of Artificial Intelligence and Soft Computing Research, 11(1), 5-20.",Rahman J.S.; Gedeon T.; Caldwell S.; Jones R.; Jin Z.,Towards Effective Music Therapy for Mental Health Care Using Machine Learning Tools: Human Affective Reasoning and Music Genres,2021,Journal of Artificial Intelligence and Soft Computing Research,x,-,-,Australia,10.2478/jaiscr-2021-0001
160,1,"Sabour, R. M., Benezeth, Y., De Oliveira, P., Chappe, J., & Yang, F. (2021). Ubfc-phys: A multimodal database for psychophysiological studies of social stress. IEEE Transactions on Affective Computing, 14(1), 622-636.",Sabour R.M.; Benezeth Y.; De Oliveira P.; Chappe J.; Yang F.,UBFC-Phys: A Multimodal Database For Psychophysiological Studies of Social Stress,2023,IEEE Transactions on Affective Computing,x,-,-,France,10.1109/TAFFC.2021.3056960
161,1,"Shukla, J., Barreda-Ángeles, M., Oliver, J., Puig, D., & Nandi, G. C. (2019). Feature Extraction and Selection for Emotion Recognition from Electrodermal Activity. IEEE Transactions on Affective Computing, 12(4), 858-866.",Shukla J.; Barreda-Angeles M.; Oliver J.; Nandi G.C.; Puig D.,Feature Extraction and Selection for Emotion Recognition from Electrodermal Activity,2021,IEEE Transactions on Affective Computing,x,-,-,Spain,10.1109/TAFFC.2019.2901673
162,1,"Chatterjee, D., Gavas, R., & Saha, S. K. (2022, July). Exploring skin conductance features for cross-subject emotion recognition. In 2022 IEEE Region 10 Symposium (TENSYMP) (pp. 1-6). IEEE.",Chatterjee D.; Gavas R.; Saha S.K.,Exploring Skin Conductance Features for Cross-Subject Emotion Recognition,2022,"2022 IEEE Region 10 Symposium, TENSYMP 2022",-,x,-,India,10.1109/TENSYMP54529.2022.9864492
163,1,"Tabbaa, L., Searle, R., Bafti, S. M., Hossain, M. M., Intarasisrisawat, J., Glancy, M., & Ang, C. S. (2021). Vreed: Virtual reality emotion recognition dataset using eye tracking & physiological measures. Proceedings of the ACM on interactive, mobile, wearable and ubiquitous technologies, 5(4), 1-20.",Tabbaa L.; Searle R.; Mirzaee Bafti S.; Hossain M.M.; Intarasisrisawat J.; Glancy M.; Ang C.S.,VREED: Virtual Reality Emotion Recognition Dataset Using Eye Tracking and Physiological Measures,2021,"Proceedings of the ACM on Interactive, Mobile, Wearable and Ubiquitous Technologies",x,-,-,United Kingdom,10.1145/3495002
164,1,"Zou, C., Deng, Z., He, B., Yan, M., Wu, J., & Zhu, Z. (2024). Emotion classification with multi‐modal physiological signals using multi‐attention‐based neural network. Cognitive Computation and Systems, 6(1-3), 1-11.",Zou C.; Deng Z.; He B.; Yan M.; Wu J.; Zhu Z.,Emotion classification with multi-modal physiological signals using multi-attention-based neural network,2024,Cognitive Computation and Systems,x,-,-,China,10.1049/ccs2.12107
165,1,"Jacobsen, F. A., Hafli, E. W., Tronstad, C., & Martinsen, Ø. G. (2021). Classification of emotions based on electrodermal activity and transfer learning-a pilot study. Journal of Electrical Bioimpedance, 12(1), 178.",Jacobsen F.A.; Hafli E.W.; Tronstad C.; Martinsen Ø.G.,Classification of emotions based on electrodermal activity and transfer learning - A pilot study,2021,Journal of Electrical Bioimpedance,x,-,-,Norway,10.2478/joeb-2021-0021
166,1,"Gohumpu, J., Xue, M., & Bao, Y. (2023). Emotion recognition with multi-modal peripheral physiological signals. Frontiers in Computer Science, 5, 1264713.",Gohumpu J.; Xue M.; Bao Y.,Emotion recognition with multi-modal peripheral physiological signals,2023,Frontiers in Computer Science,x,-,-,China,10.3389/fcomp.2023.1264713
167,1,"Zhu, L., Spachos, P., Ng, P. C., Yu, Y., Wang, Y., Plataniotis, K., & Hatzinakos, D. (2023). Stress detection through wrist-based electrodermal activity monitoring and machine learning. IEEE Journal of Biomedical and Health Informatics, 27(5), 2155-2165.",Zhu L.; Spachos P.; Ng P.C.; Yu Y.; Wang Y.; Plataniotis K.; Hatzinakos D.,Stress Detection Through Wrist-Based Electrodermal Activity Monitoring and Machine Learning,2023,IEEE Journal of Biomedical and Health Informatics,x,-,-,Canada,10.1109/JBHI.2023.3239305
168,1,"Veeranki, Y. R., Ganapathy, N., & Swaminathan, R. (2022). Analysis of fluctuation patterns in emotional states using electrodermal activity signals and improved symbolic aggregate approximation. Fluctuation and Noise Letters, 21(02), 2250013.",Veeranki Y.R.; Ganapathy N.; Swaminathan R.,Analysis of Fluctuation Patterns in Emotional States Using Electrodermal Activity Signals and Improved Symbolic Aggregate Approximation,2022,Fluctuation and Noise Letters,x,-,-,Germany,10.1142/S0219477522500134
169,1,"Umair, M., Rashid, N., Khan, U. S., Hamza, A., & Iqbal, J. (2024). Emotion fusion-sense (Emo Fu-sense)–a novel multimodal emotion classification technique. Biomedical Signal Processing and Control, 94, 106224.",Umair M.; Rashid N.; Shahbaz Khan U.; Hamza A.; Iqbal J.,Emotion Fusion-Sense (Emo Fu-Sense) – A novel multimodal emotion classification technique,2024,Biomedical Signal Processing and Control,x,-,-,Pakistan,10.1016/j.bspc.2024.106224
170,1,"Miranda-Correa, J. A., Khomami Abadi, M., Sebe, N., & Patras, I. (2017). AMIGOS: A dataset for affect, personality and mood research on individuals and groups. IEEE Transactions on Affective Computing.",Miranda-Correa J.A.; Abadi M.K.; Sebe N.; Patras I.,"AMIGOS: A Dataset for Affect, Personality and Mood Research on Individuals and Groups",2021,IEEE Transactions on Affective Computing,x,-,-,Italy,10.1109/TAFFC.2018.2884461
171,1,"Singh, A., Wittenberg, T., Salman, M. M., Holzer, N., Göb, S., Pahl, J., ... & Sawant, S. (2023, December). Bio-Signal Based Multimodal Fusion with Bilinear Model for Emotion Recognition. In 2023 IEEE International Conference on Bioinformatics and Biomedicine (BIBM) (pp. 4834-4839). IEEE.",Singh A.; Holzer N.; Gotz T.; Wittenberg T.; Gob S.; Sawant S.; Salman M.-M.; Pahl J.,Bio-Signal Based Multimodal Fusion with Bilinear Model for Emotion Recognition,2023,"Proceedings - 2023 2023 IEEE International Conference on Bioinformatics and Biomedicine, BIBM 2023",-,x,-,Germany,10.1109/BIBM58861.2023.10385273
172,1,"Gahlan, N., Sethia, D., & Ray, S. B. (2024, October). Emotion Analysis Using Auditory ASMR via Physiological Signals and Federated Learning. In 2024 IEEE 20th International Conference on Body Sensor Networks (BSN) (pp. 1-4). IEEE.",Gahlan N.; Sethia D.; Ray S.B.,Emotion Analysis Using Auditory ASMR via Physiological Signals and Federated Learning,2024,"2024 IEEE 20th International Conference on Body Sensor Networks, BSN 2024 - Proceedings",-,x,-,India,10.1109/BSN63547.2024.10780682
173,1,"Kumar P, S., & Fredo Agastinose Ronickom, J. (2025). Emotion Classification Through Optimal Segments of EDA and Texture Analysis of Time-Encoded Images With Artificial Intelligence. IEEE Transactions on Instrumentation Measurement, 74, 3500058.",Kumar S.P.; Ronickom J.F.A.,Emotion Classification through Optimal Segments of EDA and Texture Analysis of Time-Encoded Images with Artificial Intelligence,2024,IEEE Transactions on Instrumentation and Measurement,x,-,-,India,10.1109/TIM.2024.3500058
174,1,"Liu, Y., Jia, Z., & Wang, H. (2023, October). Emotionkd: a cross-modal knowledge distillation framework for emotion recognition based on physiological signals. In Proceedings of the 31st ACM International Conference on Multimedia (pp. 6122-6131).",Liu Y.; Jia Z.; Wang H.,EmotionKD: A Cross-Modal Knowledge Distillation Framework for Emotion Recognition Based on Physiological Signals,2023,MM 2023 - Proceedings of the 31st ACM International Conference on Multimedia,-,x,-,China,10.1145/3581783.3612277
175,1,"Feng, G., Wang, H., Wang, M., Zheng, X., & Zhang, R. (2024). A Research on Emotion Recognition of the Elderly Based on Transformer and Physiological Signals. Electronics, 13(15), 3019.",Feng G.; Wang H.; Wang M.; Zheng X.; Zhang R.,A Research on Emotion Recognition of the Elderly Based on Transformer and Physiological Signals,2024,Electronics (Switzerland),x,-,-,China,10.3390/electronics13153019
176,1,"Shui, X., Lin, R., Luo, Z., Lin, B., Mao, X., Li, H., ... & Zhang, D. (2023). Bodily electrodermal representations for affective computing. IEEE Transactions on Affective Computing, 15(3), 1018-1025.",Shui X.; Lin R.; Luo Z.; Lin B.; Mao X.; Li H.; Liu R.; Zhang D.,Bodily Electrodermal Representations for Affective Computing,2024,IEEE Transactions on Affective Computing,x,-,-,China,10.1109/TAFFC.2023.3315973
177,1,"Mohamed, Y., Ballardini, G., Parreira, M. T., Lemaignan, S., & Leite, I. (2022, March). Automatic frustration detection using thermal imaging. In 2022 17th ACM/IEEE International Conference on Human-Robot Interaction (HRI) (pp. 451-459). IEEE.",Mohamed Y.; Ballardini G.; Parreira M.T.; Lemaignan S.; Leite I.,Automatic Frustration Detection Using Thermal Imaging,2022,ACM/IEEE International Conference on Human-Robot Interaction,-,x,-,Spain,10.1109/HRI53351.2022.9889545
178,1,"Başaran, O. T., Can, Y. S., André, E., & Ersoy, C. (2024). Relieving the burden of intensive labeling for stress monitoring in the wild by using semi-supervised learning. Frontiers in Psychology, 14, 1293513.",Başaran O.T.; Can Y.S.; André E.; Ersoy C.,Relieving the burden of intensive labeling for stress monitoring in the wild by using semi-supervised learning,2023,Frontiers in Psychology,x,-,-,Turkey,10.3389/fpsyg.2023.1293513
179,1,"Alchieri, L., Abdalazim, N., Alecci, L., Gashi, S., Di Lascio, E., & Santini, S. (2022, September). On the impact of lateralization in physiological signals from wearable sensors. In Adjunct Proceedings of the 2022 ACM International Joint Conference on Pervasive and Ubiquitous Computing and the 2022 ACM International Symposium on Wearable Computers (pp. 472-477).",Alchieri L.; Abdalazim N.; Alecci L.; Gashi S.; Di Lascio E.; Santini S.,On the Impact of Lateralization in Physiological Signals from Wearable Sensors,2022,UbiComp/ISWC 2022 Adjunct - Proceedings of the 2022 ACM International Joint Conference on Pervasive and Ubiquitous Computing and Proceedings of the 2022 ACM International Symposium on Wearable Computers,-,x,-,Switzerland,10.1145/3544793.3563427
180,1,"Stržinar, Ž., Sanchis, A., Ledezma, A., Sipele, O., Pregelj, B., & Škrjanc, I. (2023). Stress detection using frequency spectrum analysis of wrist-measured electrodermal activity. Sensors, 23(2), 963.",Stržinar Ž.; Sanchis A.; Ledezma A.; Sipele O.; Pregelj B.; Škrjanc I.,Stress Detection Using Frequency Spectrum Analysis of Wrist-Measured Electrodermal Activity,2023,Sensors,x,-,-,Spain,10.3390/s23020963
181,1,"Acevedo, C. M. D., Gómez, J. K. C., & Rojas, C. A. A. (2021). Academic stress detection on university students during COVID-19 outbreak by using an electronic nose and the galvanic skin response. Biomedical Signal Processing and Control, 68, 102756.",Durán Acevedo C.M.; Carrillo Gómez J.K.; Albarracín Rojas C.A.,Academic stress detection on university students during COVID-19 outbreak by using an electronic nose and the galvanic skin response,2021,Biomedical Signal Processing and Control,x,-,-,Colombia,10.1016/j.bspc.2021.102756
182,1,"Elalamy, R., Fanourakis, M., & Chanel, G. (2021, September). Multi-modal emotion recognition using recurrence plots and transfer learning on physiological signals. In 2021 9th International Conference on Affective Computing and Intelligent Interaction (ACII) (pp. 1-7). IEEE.",Elalamy R.; Fanourakis M.; Chanel G.,Multi-modal emotion recognition using recurrence plots and transfer learning on physiological signals,2021,"2021 9th International Conference on Affective Computing and Intelligent Interaction, ACII 2021",-,x,-,Switzerland,10.1109/ACII52823.2021.9597442
